Fname,Lname,DOB,Gender,NI Number,Nationality,Ethnicity
Julia,Weiss,1996-12-09,Female,ZA784056T,Taiwan,Hispanic
Amy,Hardy,1992-11-13,Other,RB958874V,France,Caucasian
Joseph,Contreras,1994-06-25,Male,UE350353B,Nauru,Native American
David,Butler,1995-01-29,Male,CO964881H,Kuwait,Other
Lorraine,Henry,1995-11-02,Female,DH972083V,Thailand,Mixed
Deanna,Hines,1997-11-02,Female,FN748140T,Venezuela,Native American
Catherine,Holmes,1996-02-14,Female,QB130414J,Angola,Black
Laura,Kennedy,2003-12-19,Male,RC268264X,Iraq,Native American
Jo,Rasmussen,1991-02-10,Female,YF288026J,Saudi Arabia,Pacific Islander
Martin,Montes,2001-10-31,Female,ZD241188C,Nauru,Native American
Kristen,Ochoa,2000-02-19,Female,KZ137449K,Cape Verde,Hispanic
Felicia,Roman,1991-01-26,Male,HP118925F,Tuvalu,Asian
Angela,Roberts,2006-12-26,Male,QI137395G,Bolivia,Native American
Jessica,Hall,2002-02-21,Male,YP231931K,Aruba,Other
Peter,Obrien,1996-02-29,Male,JS201065O,Myanmar,Caucasian
Becky,Williams,2005-03-21,Other,VO568063I,United States Minor Outlying Islands,Asian
Jeffrey,Roberts,2000-01-18,Female,HU233021T,Mauritania,Pacific Islander
Darren,Harrington,1995-07-23,Other,ZF556152I,Sierra Leone,Asian
Jasmine,Arnold,1997-01-21,Female,WQ382131Z,Somalia,Hispanic
Stephanie,Jones,1999-12-28,Other,BY996115K,Cote d'Ivoire,Other
Cassandra,Brown,1997-08-29,Female,ME264943B,Honduras,Black
Jesse,Watkins,2006-08-29,Female,TK685489J,Saint Martin,Caucasian
Lori,Foster,1992-12-11,Male,PF335139T,Saint Pierre and Miquelon,Asian
Tyler,Miller,1990-01-18,Female,ND324340A,Botswana,Pacific Islander
Jennifer,Vaughan,1996-05-09,Female,IE887575J,Jersey,Mixed
Robert,Parker,1997-10-11,Other,GJ542917P,Christmas Island,Native American
Robert,Wilkinson,1998-07-02,Other,EJ712908W,Nigeria,Other
Tina,Monroe,1996-12-27,Other,ZK400091J,Botswana,Black
Donna,Mueller,1989-01-20,Other,FS305851X,Saint Martin,Native American
Karen,Scott,1994-07-25,Male,PV471290W,Cambodia,Native American
Wendy,Ayers,1995-07-17,Other,EE759852D,Mayotte,Native American
Eric,Zhang,2002-02-20,Male,UG814405U,Niue,Pacific Islander
Emily,Kennedy,1989-06-16,Female,UX616692J,Mauritius,Hispanic
Kurt,Clayton,2006-05-04,Female,HA454851Y,Latvia,Black
Arthur,Murray,1993-07-22,Male,AM766200E,Ukraine,Pacific Islander
Ivan,Chan,2002-08-15,Other,IJ946919S,Reunion,Black
Ryan,Richardson,2002-01-08,Male,AB982482T,Congo,Hispanic
Lindsey,Snyder,1999-06-22,Other,BG449565Y,Venezuela,Black
Jacob,Manning,1989-05-11,Male,VV351931X,Djibouti,Asian
Helen,Kirby,2004-10-06,Male,OF919882A,Netherlands Antilles,Mixed
David,Benson,1992-10-01,Other,OX787896C,Hong Kong,Native American
Tanya,Oconnor,2006-04-27,Other,GP550236K,Bouvet Island (Bouvetoya),Asian
Elizabeth,Davenport,1994-11-11,Male,TL755257E,Equatorial Guinea,Asian
Michael,Branch,1989-04-13,Male,XC605375N,India,Black
Janice,Arroyo,1996-02-18,Male,JF882405S,Western Sahara,Asian
Jessica,Hoffman,1998-02-13,Female,ZY663238K,Malta,Pacific Islander
Christopher,Jones,1989-10-22,Female,MV552231P,Central African Republic,Hispanic
Alexis,Espinoza,1995-08-02,Female,YE759807Q,Guatemala,Caucasian
Jennifer,Taylor,1989-07-10,Female,UV739837W,Brunei Darussalam,Caucasian
Kyle,Smith,1996-02-09,Other,VB657395S,Congo,Pacific Islander
Brett,Hall,1998-11-24,Female,SE873569O,Svalbard & Jan Mayen Islands,Black
Ian,Massey,1990-04-03,Female,JI843270A,Gibraltar,Asian
Sarah,Carlson,2004-06-25,Other,NO386386A,Jersey,Caucasian
Jacob,Wright,2001-11-20,Other,OW207552U,Swaziland,Other
Elizabeth,Thomas,2002-09-14,Female,WI523044V,Taiwan,Mixed
Toni,Gibson,1993-11-05,Male,DR371359B,Andorra,Other
James,Novak,1997-04-24,Other,XQ496560N,Fiji,Other
Meghan,Callahan,1992-03-27,Other,XA939780J,Malta,Asian
Daryl,Jackson,2002-04-27,Other,NN156130A,Barbados,Asian
Timothy,Moore,1990-05-23,Male,XE910742J,Sudan,Native American
Garrett,Jones,2001-05-20,Male,YW180538F,Jersey,Other
Daisy,Kirby,2003-01-26,Female,IV513717J,Congo,Native American
Sarah,Matthews,1996-11-26,Female,LR971785U,Iran,Pacific Islander
Eric,Nash,1998-05-06,Female,TE857891F,Cambodia,Other
Frank,Huynh,2006-02-26,Male,GX421065W,Burundi,Hispanic
Tyler,Stephens,1996-12-09,Female,CY549656E,Angola,Hispanic
Brianna,Lee,2000-06-05,Other,QP495949U,Bahrain,Black
Karen,Martinez,1992-06-07,Female,NL145740Q,Norfolk Island,Caucasian
Charles,Ritter,2002-11-08,Male,ID438719A,Kenya,Mixed
Diane,Lee,2005-04-02,Other,GY910888U,Kazakhstan,Native American
Heather,James,1996-10-26,Female,SJ622532K,Egypt,Pacific Islander
Samantha,Cooper,1990-11-30,Other,PP987538I,Egypt,Other
Samantha,Velez,1997-12-06,Other,FP980425D,Belize,Pacific Islander
Alicia,Rodriguez,2004-09-25,Male,FH894523U,Thailand,Asian
Nicole,Hines,1996-10-20,Male,JJ471217U,Maldives,Asian
Cynthia,Joyce,1989-03-25,Female,TL891090S,Korea,Black
Darren,Santos,2000-09-26,Male,FR912634E,Falkland Islands (Malvinas),Black
Sandra,Shelton,2000-07-19,Female,NF358055I,Sierra Leone,Pacific Islander
Noah,Lopez,2003-03-26,Male,PX312534T,Uganda,Asian
Stephanie,Brown,1998-07-22,Male,EL455642U,Brazil,Black
George,Collins,1993-03-12,Other,AQ490307A,Timor-Leste,Mixed
David,Davis,1992-01-29,Male,UH328285A,Libyan Arab Jamahiriya,Other
Kelly,Barrett,1995-08-12,Male,DV529933Q,Slovakia (Slovak Republic),Black
Connor,Mckinney,1999-11-15,Male,CV869289Y,Luxembourg,Mixed
Barbara,Parker,2003-02-04,Female,CC549351V,Saint Martin,Native American
Caitlin,Short,2001-05-18,Other,VB632762Z,Kenya,Asian
Gary,White,1989-10-07,Male,OP893255J,Andorra,Mixed
Crystal,Williams,1994-12-21,Female,HH851172T,Pitcairn Islands,Caucasian
Robert,Murphy,2002-09-04,Female,KH116588T,Switzerland,Caucasian
Samuel,Campbell,1994-02-02,Other,ZG932273F,Myanmar,Caucasian
Bobby,Ferguson,1992-09-22,Male,OQ915010I,Cameroon,Asian
Michael,Hernandez,1993-05-08,Female,BF621076I,Kazakhstan,Hispanic
William,Rodgers,1993-09-15,Female,YE102791O,Nigeria,Other
Steven,Mitchell,1998-04-02,Male,VY708995M,Uganda,Hispanic
Melissa,Howard,1998-11-11,Male,GJ526150U,Saint Vincent and the Grenadines,Pacific Islander
Jennifer,Key,2004-01-24,Female,GH284566J,Brazil,Hispanic
Nicole,Miller,1994-02-24,Other,MT623802Q,Anguilla,Mixed
Jeffrey,Smith,2002-05-02,Male,TE158433H,Barbados,Hispanic
Caroline,Melton,1997-12-31,Other,CR754987E,Guinea-Bissau,Native American
Kaitlyn,Campbell,2002-01-07,Other,BE108824T,Cote d'Ivoire,Asian
Tony,Martin,1993-05-26,Male,AK478804O,Cook Islands,Mixed
Keith,Wilson,2000-12-25,Male,TN252590M,Ukraine,Black
Robert,Rodriguez,2001-06-06,Female,LO741987I,Costa Rica,Caucasian
Sharon,Dixon,1996-05-22,Male,XA211915E,Bermuda,Mixed
Paul,Gonzalez,1998-01-04,Male,CG627462L,Ecuador,Mixed
Kevin,Hammond,2001-12-03,Other,TP154437L,Eritrea,Pacific Islander
Brianna,Strong,1994-05-15,Other,WW607956G,United States of America,Native American
Tiffany,Thomas,1999-02-26,Other,KH742245U,Saudi Arabia,Native American
Jessica,Frazier,2006-03-14,Female,UD450811D,Rwanda,Asian
Richard,Hall,1989-08-23,Female,HN964308M,San Marino,Caucasian
Richard,Santos,1998-09-04,Other,ZG207750D,Bulgaria,Black
Scott,Cox,1999-08-15,Male,EQ586227K,Gambia,Asian
Ashley,Brown,1998-03-23,Male,JV520093F,Brunei Darussalam,Other
Michele,White,1998-05-10,Other,JN687358B,Serbia,Caucasian
Timothy,Bonilla,1990-06-24,Other,QA810663U,Sierra Leone,Native American
Antonio,Garcia,1999-05-29,Other,YK305261E,Tunisia,Pacific Islander
Bradley,Melton,1989-12-18,Male,IM527533X,Turks and Caicos Islands,Pacific Islander
James,Wilson,1996-05-17,Male,ZX112821I,Marshall Islands,Black
James,Hammond,2000-07-24,Male,QN686695D,Guadeloupe,Other
Kelly,Evans,2000-08-21,Other,NO791390B,Guatemala,Pacific Islander
Carolyn,Moreno,1991-11-08,Other,BD827420B,Lithuania,Native American
Joshua,Peters,2006-10-01,Other,MR781409J,Aruba,Mixed
Jason,Ruiz,2005-08-04,Other,ZL634830B,Suriname,Other
Donald,Wright,1991-11-20,Male,VO550619S,Northern Mariana Islands,Native American
John,Alvarez,1989-09-02,Other,YY386784D,Equatorial Guinea,Native American
Melissa,Martin,2003-02-14,Male,RF865265M,Colombia,Mixed
Shawn,Holt,2000-12-11,Other,XK493969T,Indonesia,Black
Jaclyn,Kelley,2002-09-13,Other,XR952947U,Reunion,Pacific Islander
Dale,West,1993-02-04,Other,ZS109075F,Kenya,Black
Douglas,Pope,1997-04-19,Male,GT245646V,Chile,Asian
Rebecca,Gonzalez,2006-01-28,Male,PD574610O,Gibraltar,Asian
Justin,Ramsey,1989-12-07,Other,OM328920F,Isle of Man,Mixed
Samantha,Johnston,1996-10-20,Female,AI179610L,Guyana,Pacific Islander
Glenn,Lang,1991-03-03,Female,WL743262K,Gabon,Other
Megan,Tran,1995-12-06,Other,ZS374593V,Latvia,Caucasian
Abigail,Walton,1993-05-30,Other,LH434595N,Israel,Asian
Jonathan,Wells,1990-03-06,Male,OF920498V,Saint Kitts and Nevis,Asian
Jeanne,Heath,1993-06-19,Other,VK735561O,British Virgin Islands,Hispanic
David,Johnson,1991-03-16,Male,CX493483M,Anguilla,Asian
Annette,Savage,1992-04-08,Female,OY133582J,Montenegro,Mixed
Stacy,Carrillo,1989-09-10,Other,BJ968912U,Lebanon,Hispanic
Kevin,Zavala,1993-01-25,Other,DQ238069B,Nepal,Black
Paul,Johnson,1998-01-23,Female,FY210872N,French Guiana,Pacific Islander
Lisa,Gonzales,1998-06-04,Male,YX219357P,Bahrain,Black
David,Woods,2000-01-06,Other,AR787705W,Somalia,Mixed
Kristina,Benitez,1998-12-14,Male,FD243508J,Togo,Black
Darrell,Erickson,2005-02-19,Male,KG160797B,Guadeloupe,Asian
Deborah,Pearson,1990-10-04,Other,HX817204H,Japan,Black
Timothy,Davis,2005-12-16,Female,KC456639N,Liechtenstein,Mixed
Michelle,Green,1996-07-07,Other,SG699792A,Colombia,Hispanic
Gloria,Roberts,1992-11-22,Male,XQ138268C,Mali,Other
Krystal,West,2006-08-08,Other,VH317039F,Turkmenistan,Asian
Joshua,Butler,1991-05-02,Female,SA393361B,Mauritania,Black
Charles,Griffin,2000-12-25,Other,UD527130K,Saint Lucia,Other
Kyle,Johnson,2000-08-23,Female,YI461286L,Belgium,Other
Thomas,Walker,1990-11-09,Male,EP870751U,Namibia,Black
Samuel,Mcclain,2000-05-11,Other,HO469542I,Austria,Asian
Teresa,Patterson,2001-11-17,Male,DG204039K,Guinea-Bissau,Pacific Islander
Virginia,Greene,2005-12-13,Female,IT987400G,Cuba,Pacific Islander
Roger,Pena,2004-01-05,Female,YV433639P,Bangladesh,Caucasian
Teresa,Adams,2004-08-24,Other,AR777546V,Cook Islands,Caucasian
Aaron,Saunders,2004-10-26,Male,RO559425G,Greenland,Black
Reginald,Schmidt,1993-11-24,Other,HA374199E,Monaco,Native American
John,Frank,2003-07-21,Female,MR450553U,United States Minor Outlying Islands,Caucasian
Christine,Moore,1997-04-19,Male,LU246625V,Belize,Pacific Islander
Hannah,Gordon,2006-03-13,Male,XV460660W,French Southern Territories,Pacific Islander
John,Thornton,1993-07-22,Female,FV770857H,Oman,Asian
Jasmine,Smith,1996-09-30,Male,BE401810D,Kenya,Other
Barbara,Lopez,1997-04-17,Female,XV559459O,Bouvet Island (Bouvetoya),Pacific Islander
Jennifer,Martin,1998-05-13,Male,VM838176S,Latvia,Caucasian
Debbie,Murillo,1997-11-03,Other,ZX898143R,Mozambique,Mixed
Jeffrey,Johnson,1998-01-15,Male,RO592890Y,Saint Kitts and Nevis,Caucasian
Ashley,Mcbride,1991-08-19,Female,ZW723218E,Mauritania,Asian
Victoria,Mcdaniel,1990-02-27,Other,NI785241U,Slovakia (Slovak Republic),Pacific Islander
Joshua,Marshall,1994-11-09,Male,JJ278099X,Serbia,Mixed
Denise,Barker,2001-05-23,Other,XF561740X,Thailand,Caucasian
Laura,Andrews,1996-06-20,Other,PU184502G,Chad,Pacific Islander
Stephen,Powell,1996-12-17,Male,QV362443W,Haiti,Asian
Belinda,Glenn,1991-07-19,Male,PZ568025T,Philippines,Mixed
Nicholas,Boyd,1993-08-14,Other,RS164216W,Saint Helena,Pacific Islander
Darrell,Barnes,1992-02-15,Female,IA379428I,Papua New Guinea,Caucasian
Donald,Pena,2001-06-09,Female,KP784728C,Pitcairn Islands,Mixed
David,Moss,1994-11-05,Other,XD461145Z,Botswana,Mixed
Rick,Thomas,1993-01-05,Female,IE354645W,Bahrain,Other
Justin,Harrington,2004-04-25,Male,EM380763C,Norway,Caucasian
Anna,Willis,2006-01-01,Other,YW453346E,Turkey,Asian
Amanda,Mitchell,2000-08-19,Male,VR628958M,Myanmar,Hispanic
Penny,Jones,1991-11-30,Other,ZC415566J,Switzerland,Hispanic
Lisa,Obrien,2006-03-17,Female,CR615239H,Uzbekistan,Black
Jennifer,Williams,1994-09-30,Female,VG933703Q,Liberia,Asian
David,Smith,1992-02-22,Male,CJ191007P,Georgia,Mixed
Melissa,Bell,2000-02-02,Female,UK569031C,Saint Barthelemy,Other
Ryan,Johnston,2002-10-17,Male,SN463094H,Macedonia,Mixed
Sonya,Bryan,2003-12-31,Male,ZN942602G,United Arab Emirates,Asian
Joanna,Reed,1997-04-24,Other,AG220465I,Bouvet Island (Bouvetoya),Mixed
Michael,Roberts,1999-09-02,Other,NT423390Z,Niue,Black
William,Hill,2003-01-31,Female,IZ173173A,Russian Federation,Native American
Phillip,Boyd,2006-06-27,Male,BW457972A,Bouvet Island (Bouvetoya),Pacific Islander
Eric,Snyder,1993-03-22,Female,KM661802U,Korea,Mixed
Sarah,Walters,1999-09-25,Other,SW516284D,Macao,Mixed
Rebecca,Campbell,2005-06-26,Female,UY876805S,Philippines,Hispanic
Vanessa,Schultz,1993-05-23,Male,TS125461W,Netherlands,Pacific Islander
Samuel,Jackson,1995-01-27,Male,NN781722V,Cape Verde,Hispanic
Christopher,Contreras,2001-09-26,Female,HU739905P,Heard Island and McDonald Islands,Other
Ryan,Dunn,1994-02-11,Female,CK968592C,Comoros,Pacific Islander
Tracy,Franco,1998-08-25,Other,QD187225U,Senegal,Black
Chad,Kennedy,2004-02-12,Other,PD891506A,Guam,Pacific Islander
David,Jenkins,2000-05-22,Female,YD438181L,Timor-Leste,Other
Ryan,Reyes,1997-07-14,Other,EU214648M,Mauritius,Other
Kathy,Adams,2004-08-12,Other,LY335721D,Tajikistan,Hispanic
Diane,Johnson,2001-04-19,Female,TR772361Q,Western Sahara,Pacific Islander
Benjamin,Hughes,1994-12-31,Female,YH838740X,Mongolia,Native American
James,Byrd,2001-07-06,Male,PB481034M,Poland,Other
Stephen,Stone,1991-02-04,Other,SX715254Z,Benin,Caucasian
Pamela,Davis,2002-05-19,Male,LV943090S,Sri Lanka,Hispanic
Sara,Hunt,1996-05-14,Other,CZ167050L,Guinea,Asian
Dan,Marquez,1990-03-08,Other,DJ164957F,United States Minor Outlying Islands,Caucasian
Emily,Larsen,2003-08-09,Female,CP755095S,Greece,Asian
Mary,Barron,1998-01-01,Other,LT876496W,Spain,Mixed
Holly,Owens,1996-11-12,Other,YN538662Z,Nigeria,Caucasian
Grace,Rios,1997-01-24,Other,EJ604445U,South Georgia and the South Sandwich Islands,Hispanic
Meghan,Little,2002-11-07,Other,AK483110I,Hong Kong,Caucasian
Christine,Robles,2003-01-29,Female,IH712481Q,Antarctica (the territory South of 60 deg S),Mixed
Amber,Wilson,1996-11-13,Male,QQ392997J,Russian Federation,Other
Cynthia,Massey,1995-03-08,Other,SN293263T,Romania,Hispanic
Michael,Watts,2005-02-10,Female,MH897749O,Kenya,Asian
Misty,Guzman,2001-10-01,Male,JD729329T,Norway,Caucasian
Emily,Simmons,1998-04-27,Male,AV291155U,Australia,Black
Adam,Kennedy,1989-12-06,Male,ZU291021H,Azerbaijan,Pacific Islander
Amber,Thompson,1989-01-23,Female,CM936351S,Christmas Island,Asian
Robert,Williams,1991-05-27,Male,HR366390X,Maldives,Hispanic
William,Wallace,1996-03-14,Male,XJ472919G,Comoros,Black
Melissa,Williams,2006-07-12,Male,XP925410L,Cameroon,Black
Kristy,Wilson,2006-01-30,Female,SB847287D,Ireland,Pacific Islander
Holly,Davis,1989-10-07,Male,IR614129M,Aruba,Caucasian
Kimberly,Blackburn,2000-03-21,Male,CI308027J,Anguilla,Pacific Islander
Lawrence,Morris,1990-12-11,Female,YS173823S,Nauru,Black
Scott,Russo,1991-07-20,Other,OZ994450Q,Saudi Arabia,Pacific Islander
Justin,Gonzales,1997-04-21,Male,HQ777216Q,Bangladesh,Other
Joseph,Riley,1992-08-25,Female,QC208665G,Cocos (Keeling) Islands,Black
Danielle,Padilla,1999-05-10,Female,RK116850A,British Indian Ocean Territory (Chagos Archipelago),Native American
Joshua,Williams,1996-10-08,Other,QG919499W,Guam,Mixed
Ryan,Lee,2001-08-15,Female,QJ135423Y,Cocos (Keeling) Islands,Hispanic
Rhonda,Bailey,2002-12-20,Female,PC825823B,Seychelles,Other
Gordon,Cross,1998-02-15,Female,PJ393812N,Belgium,Mixed
Emma,Bond,1999-01-03,Female,VN857899F,Myanmar,Native American
Erica,Martinez,2004-12-18,Other,XX861684E,Greece,Native American
Courtney,Anderson,1991-12-21,Female,VO353145S,Congo,Asian
Kelly,Warren,1995-12-26,Female,OO688029Q,Tajikistan,Pacific Islander
Kyle,Jimenez,1998-10-26,Other,NF863010B,Mozambique,Mixed
Kristin,Baxter,1993-09-21,Female,GW313285O,Zimbabwe,Asian
Jesus,Garrison,2005-03-26,Other,NQ285410Y,Saint Martin,Asian
Melody,Hicks,1996-09-06,Male,CJ832007M,Indonesia,Mixed
Timothy,Sanchez,1993-10-20,Female,WN932902R,Colombia,Black
Janet,Jones,1998-06-21,Female,ML391644V,Latvia,Asian
James,Weaver,2005-11-29,Male,JP534837Q,Central African Republic,Black
Wanda,Greene,2006-05-28,Female,BN105375E,Uruguay,Asian
Timothy,Sparks,2006-11-17,Other,LX872505P,Tanzania,Black
John,Jones,1989-09-26,Other,KQ880213C,New Zealand,Native American
Jennifer,Austin,2001-12-30,Female,YG872422D,Reunion,Other
Carol,Cooper,1992-11-19,Other,PJ310164O,Djibouti,Caucasian
Daniel,Villa,1993-01-08,Female,EZ860951F,Iceland,Other
Carlos,Kane,1992-06-19,Other,DR999685A,France,Mixed
Vanessa,Baker,1996-06-09,Other,SJ969403S,Benin,Mixed
Maria,Robinson,2001-11-10,Female,GF365018I,Maldives,Hispanic
Jessica,Boyd,1998-04-14,Other,EW104341N,Sweden,Mixed
Olivia,Perry,2006-04-25,Female,DJ331062T,Dominican Republic,Pacific Islander
Patrick,Bates,1993-02-21,Male,WL536219V,Lesotho,Black
Anne,James,1995-04-16,Male,CC999609L,Ireland,Mixed
Krista,Johnson,1990-12-14,Female,BD735717Z,Bahrain,Other
Steven,Gutierrez,2005-09-03,Female,LN171182F,Brunei Darussalam,Native American
Lori,Butler,1994-01-20,Female,WH207132J,Guinea-Bissau,Other
Thomas,Rojas,1993-03-21,Female,PL488102O,Liberia,Asian
Cathy,Stanley,1990-10-09,Male,MS570537J,Afghanistan,Hispanic
Ashley,Russell,2004-10-01,Other,ZP598297P,Macedonia,Hispanic
Joshua,Smith,1993-10-04,Female,WE172515H,Cuba,Asian
Christine,Franco,1999-11-07,Other,IJ284899B,Montserrat,Native American
Dakota,Phillips,1998-10-16,Other,AU692687T,South Georgia and the South Sandwich Islands,Asian
Geoffrey,Wiggins,1994-11-17,Male,AV994688Y,Gibraltar,Native American
Lori,Cox,1996-02-06,Male,MG209403S,Myanmar,Pacific Islander
Carrie,Rich,2002-07-13,Female,WE832758D,Guatemala,Mixed
Timothy,Solomon,1998-09-15,Male,ZD503525E,Costa Rica,Native American
Anna,Sloan,2000-07-24,Other,JE631940C,Cote d'Ivoire,Caucasian
Holly,Smith,1993-07-19,Female,FX733016C,Kiribati,Caucasian
Edward,Johnson,1996-11-18,Female,EF335420G,Cyprus,Asian
Nathan,Keith,1997-05-25,Male,BF208753D,Palau,Black
Brittany,Houston,2001-09-26,Female,CY428136H,Albania,Hispanic
Margaret,Williams,1989-04-17,Female,DR908805V,Bulgaria,Caucasian
Angela,Owens,1994-12-07,Male,KX874483I,Madagascar,Hispanic
Kevin,Werner,1994-06-06,Male,SD494414M,Gibraltar,Mixed
Elizabeth,Hall,1992-12-04,Female,RW164006B,Svalbard & Jan Mayen Islands,Black
Michael,Anthony,2004-02-17,Male,AK532217M,Congo,Hispanic
Julie,Murphy,1996-12-02,Female,MK981514D,Canada,Native American
Javier,Nelson,1990-07-29,Other,WD599241Q,Wallis and Futuna,Pacific Islander
Joshua,Brown,2006-04-21,Male,ZZ350434S,Palau,Caucasian
Douglas,Walsh,1991-02-03,Female,AI223590G,Armenia,Caucasian
Yolanda,Horn,1999-06-29,Female,LF257439U,Andorra,Mixed
Selena,Smith,2004-10-02,Male,DK955318D,Belarus,Black
Nicholas,Robinson,1992-11-17,Female,GP609735J,Jordan,Caucasian
Mary,Taylor,2001-06-06,Female,BS148707B,Gibraltar,Black
Anthony,Aguilar,1991-10-15,Male,BC730631E,Kuwait,Native American
Michael,Rodriguez,2005-03-19,Male,FS472049V,Armenia,Hispanic
Sarah,Franklin,2002-12-19,Male,ZY841927G,Thailand,Asian
Sue,Brown,1995-06-05,Female,HK407239N,Sierra Leone,Mixed
Scott,Taylor,2002-10-18,Female,DK495592Q,Nauru,Caucasian
Fernando,Little,2006-10-14,Female,PT472647Y,Benin,Hispanic
Billy,Miller,1991-11-24,Female,BR943148P,Turkmenistan,Pacific Islander
Mark,Riley,1996-09-10,Female,UU889303M,Canada,Caucasian
Troy,Nelson,1991-01-30,Male,TV119669R,Equatorial Guinea,Caucasian
Madeline,Thomas,2001-03-30,Other,NK289845G,Senegal,Pacific Islander
Jonathan,Jones,1992-07-02,Female,CB519172M,Bermuda,Asian
Corey,Holt,1999-09-20,Male,LT793020L,Iceland,Other
George,Bryan,1999-03-25,Other,IM679646U,Turks and Caicos Islands,Caucasian
Robert,Gonzalez,1989-04-13,Other,CL516241K,Senegal,Hispanic
Stacey,Jackson,2001-07-21,Female,CL569546M,Bangladesh,Hispanic
Toni,Sweeney,1991-01-02,Female,AE984219J,Tanzania,Native American
Courtney,Zavala,1989-12-28,Female,OD448165X,Turkey,Hispanic
Sean,Kirby,1999-05-03,Other,IA291133G,Svalbard & Jan Mayen Islands,Native American
Janice,Lee,2004-07-15,Other,OK184334V,Iran,Native American
Annette,Olson,2004-07-12,Female,MK219620Q,Djibouti,Asian
Michael,Ferrell,1998-05-27,Female,IA654300M,Burundi,Black
Michael,Ferguson,2000-06-08,Female,UB461119X,United States of America,Pacific Islander
Dorothy,Navarro,2005-08-21,Female,IS874827J,Saint Martin,Caucasian
David,Cohen,1993-10-31,Female,JZ103006Z,Korea,Hispanic
James,George,1991-02-23,Other,JH996103I,Ethiopia,Native American
Tammy,White,1990-06-25,Other,KF773075V,Liechtenstein,Pacific Islander
Kim,Spencer,2002-07-04,Male,KP710343A,Malta,Pacific Islander
William,Ball,2005-04-19,Female,BE928546E,Georgia,Other
Monica,Fuentes,2005-05-21,Female,VJ824593J,Aruba,Other
Robert,Walker,2001-07-26,Other,FP996113O,El Salvador,Native American
Tanya,Wilson,1997-12-15,Female,FC161745Q,Brazil,Pacific Islander
Alicia,Stephens,1991-06-26,Male,PJ544494M,Gabon,Asian
Amanda,Ellison,1999-08-02,Male,HS504247T,Dominica,Pacific Islander
Susan,Burns,1996-12-03,Male,JL785165O,Saudi Arabia,Caucasian
Linda,Aguilar,2002-03-27,Other,AT673053U,Tonga,Caucasian
Benjamin,Watkins,1995-05-07,Other,OD910040X,Isle of Man,Caucasian
Kyle,Nelson,2004-02-11,Other,TR996876Y,French Southern Territories,Mixed
Mackenzie,Ochoa,2003-12-23,Female,EZ707579X,Bangladesh,Pacific Islander
Mary,Ramirez,1997-11-19,Other,EX119874R,Argentina,Mixed
Andrea,Yates,1997-06-27,Other,CH932321R,Singapore,Asian
Brandi,Kelly,2006-05-13,Other,XD388982B,Myanmar,Hispanic
Danielle,Cook,1995-06-30,Other,YW597983T,Philippines,Native American
Glen,Maxwell,1998-06-22,Female,YP701809J,Western Sahara,Native American
Jared,Beasley,1997-10-10,Other,JZ413170W,Congo,Mixed
Thomas,Wallace,1994-05-26,Male,PF327563W,Philippines,Caucasian
Adam,Anderson,2000-04-13,Female,RI754001I,Gibraltar,Native American
Patricia,Thornton,1998-01-04,Male,QX326521X,Belarus,Hispanic
Justin,Brown,1996-05-01,Female,GW490626M,Latvia,Mixed
Alex,Nelson,2000-01-14,Female,AS514743G,Cocos (Keeling) Islands,Pacific Islander
Alexis,Rosales,1993-08-10,Other,HY912560V,Norway,Pacific Islander
Lindsay,Bowman,1996-01-13,Male,NR970416S,Eritrea,Pacific Islander
Angela,Owen,1999-01-06,Male,DR140595R,Gabon,Caucasian
Justin,Wood,1992-02-19,Male,YG708885A,Grenada,Black
Kimberly,Jensen,2004-08-19,Female,JW477281K,Liberia,Hispanic
Stephanie,Mcdonald,1994-11-25,Male,CI235482Z,Japan,Hispanic
Cynthia,Kelly,1992-04-23,Other,KL143366A,Equatorial Guinea,Pacific Islander
Jason,Vincent,1989-01-26,Other,XD696750C,Australia,Native American
Eric,Cruz,1995-08-25,Female,UL892681B,Indonesia,Black
Lisa,Martin,1996-08-09,Female,TD100445K,Panama,Mixed
Arthur,Park,2004-07-15,Other,PY855627O,Svalbard & Jan Mayen Islands,Pacific Islander
Tracy,Cook,1997-11-27,Female,AD361662Q,Ghana,Native American
Mark,Jackson,1999-12-07,Female,HG551353H,Montenegro,Mixed
Madison,Peterson,2005-12-07,Male,NF994940M,Greenland,Asian
Eileen,Stanley,1993-10-29,Other,VO714528K,Samoa,Native American
Matthew,Lee,2000-12-08,Other,EU363031V,Namibia,Black
Laura,Moon,1998-03-31,Male,NS302598E,Cayman Islands,Black
Stephanie,Williams,1989-09-07,Female,XZ989572P,Rwanda,Native American
Christine,Jones,2004-06-28,Other,ZS618780I,Togo,Mixed
Michelle,Steele,1993-09-11,Female,NW634285G,Zambia,Other
Alicia,Acosta,2004-03-05,Male,QO920156U,Comoros,Mixed
Tammy,Perkins,2005-07-31,Other,NV912611E,Montenegro,Asian
Nicole,King,1998-06-07,Female,BT395183H,Suriname,Native American
Alexander,Hamilton,2002-08-06,Male,OM219517H,Anguilla,Other
Matthew,Rodriguez,2002-05-26,Female,AF965096E,Namibia,Hispanic
Scott,Henry,2005-02-04,Other,UV175466I,Barbados,Mixed
Kyle,Perry,1998-02-16,Female,TH508364G,Mayotte,Native American
Gabriela,Allison,2000-06-08,Male,GR944753E,Korea,Caucasian
Erica,Smith,1991-10-21,Male,EV167496P,Saint Pierre and Miquelon,Hispanic
Zachary,Johnson,1991-11-26,Female,VL652379C,Yemen,Asian
Heather,Carter,2004-10-11,Other,RW411570K,Mauritius,Asian
Terri,Guerrero,1990-03-01,Other,XN435945C,Singapore,Native American
Edward,Patterson,1995-06-07,Female,VS510662E,Saint Vincent and the Grenadines,Hispanic
Thomas,Nolan,1993-06-01,Female,LI978276B,Marshall Islands,Other
Robert,Ellis,1994-11-09,Female,XB477131P,Nauru,Mixed
Melissa,Anderson,1999-09-06,Male,SX101858U,Puerto Rico,Pacific Islander
Angela,Long,1993-05-21,Other,QI503643M,Saint Helena,Black
Sarah,Mullins,2002-06-24,Male,JO211349C,Brazil,Black
James,King,2004-10-18,Male,FH546165B,United States of America,Black
Nicole,Adams,2003-07-21,Female,ZM455540F,Mauritius,Other
Victoria,Sanders,2003-07-23,Male,KO800895Q,Belarus,Native American
Hunter,Meyer,2000-05-31,Male,CJ747212D,Azerbaijan,Hispanic
Christopher,Lloyd,1992-12-01,Other,QJ229042B,San Marino,Native American
Eric,Mitchell,1994-07-26,Female,XU219180R,Trinidad and Tobago,Black
Carol,Marks,2001-06-17,Male,VS836417N,New Caledonia,Pacific Islander
Kara,Harris,2001-02-19,Other,GC530840P,Mayotte,Pacific Islander
Stacy,Brown,2004-10-24,Other,YQ816644O,Japan,Other
Joan,Reed,2001-01-27,Female,KO489326Y,Serbia,Mixed
April,Johnson,2005-04-23,Female,CO273670U,Saint Helena,Pacific Islander
Ashley,Gomez,2006-02-10,Female,FJ266397O,Moldova,Hispanic
Vanessa,Johnson,1997-06-21,Female,NJ705021S,Japan,Asian
William,Davis,1993-04-11,Female,JQ412712H,Ethiopia,Black
Donna,Jennings,1995-10-24,Other,NF626475L,Macedonia,Asian
Michael,Steele,2006-05-18,Female,LB153009S,Korea,Pacific Islander
Felicia,Palmer,1995-02-19,Male,ZK504522L,Bolivia,Native American
Bruce,Rodriguez,2000-02-18,Male,UP877174O,Mexico,Other
Vickie,Woods,1996-11-06,Female,SU993845Z,Honduras,Asian
James,Gutierrez,2002-07-06,Female,CA635637H,Kazakhstan,Native American
Patricia,Shea,1989-10-30,Other,DL855926K,Netherlands Antilles,Other
Chelsea,Clarke,1989-09-03,Female,YB925167Y,British Virgin Islands,Native American
Linda,Peterson,1999-01-12,Female,JR208309B,Antigua and Barbuda,Black
Sheila,Brown,1996-06-05,Female,UX903250I,Gambia,Black
Emily,Patterson,2000-10-25,Female,DG468096D,Falkland Islands (Malvinas),Mixed
Pedro,Lopez,1995-07-20,Male,JZ422970T,Austria,Pacific Islander
Kelsey,Chavez,2000-02-11,Other,PU759522S,Ghana,Asian
Paul,Meyers,1998-03-02,Female,UT103805D,British Virgin Islands,Asian
Peter,Hall,1995-02-02,Male,CU639991D,Qatar,Pacific Islander
Crystal,Collins,1995-12-16,Male,TK425731C,Morocco,Other
Nicole,Robinson,1996-02-03,Male,VP443054O,Ireland,Native American
Lindsey,Welch,2002-07-04,Female,DN674325Z,India,Pacific Islander
Shane,Turner,1991-09-19,Male,YH681492A,Saint Barthelemy,Native American
Johnny,Smith,2005-08-08,Female,ZW631063D,Mayotte,Hispanic
Joel,Hatfield,1995-10-07,Other,LZ599097T,Czech Republic,Caucasian
Rebecca,Palmer,1996-06-17,Male,RD386395C,Somalia,Other
Roy,Whitaker,1994-12-29,Female,EX715056H,Monaco,Hispanic
Mark,Davidson,1998-03-11,Male,PY676932Z,Anguilla,Caucasian
Phillip,White,2001-07-15,Female,EF730961E,Moldova,Pacific Islander
Kyle,Lyons,2005-06-18,Female,KG646353A,Czech Republic,Caucasian
Timothy,Watson,1992-11-19,Male,HT390669V,Bermuda,Mixed
Melissa,Mcgee,2004-05-16,Female,UI602568K,New Caledonia,Hispanic
Kendra,Reyes,1994-09-23,Male,RD540284T,Georgia,Native American
Lori,Larsen,1998-10-28,Male,CA882711I,Bosnia and Herzegovina,Pacific Islander
Stephen,Gill,1993-12-18,Female,SV657626C,Israel,Native American
William,Harvey,1997-05-26,Other,ZP669076W,Malta,Black
Wendy,Aguilar,1996-05-12,Male,WH837571U,Kiribati,Mixed
James,Cameron,2004-02-17,Female,QE777049I,Marshall Islands,Hispanic
Dean,Mcclain,2004-06-17,Male,FU715650P,Myanmar,Other
Lisa,Shelton,2001-11-22,Female,QF729090Z,Belarus,Native American
Marilyn,Mercado,1991-02-20,Other,US104364V,Bulgaria,Mixed
Peter,Hill,1997-10-05,Other,NY870131U,Suriname,Asian
Jake,Griffin,2005-05-21,Male,LD987793Q,India,Asian
Nathan,Watson,1994-12-04,Female,MS308406G,Saint Barthelemy,Native American
Erica,Shea,1998-11-07,Female,GO121385V,Netherlands Antilles,Other
Brandon,Wright,2004-06-20,Male,HM757051G,Norfolk Island,Other
Nicolas,Smith,1990-01-02,Female,JX746108V,Puerto Rico,Pacific Islander
Henry,Mcintyre,2005-04-30,Male,BA891794V,Brunei Darussalam,Mixed
Tammy,Edwards,1990-06-04,Female,EI177863U,Botswana,Native American
Angela,Smith,1992-07-26,Male,AN723904T,Kazakhstan,Asian
Julie,Schmidt,1998-06-16,Other,DE275478Y,Tonga,Pacific Islander
Michael,Brown,2005-03-08,Female,BJ210687Q,Malaysia,Mixed
Gregory,Hall,1991-05-22,Female,MV496523Z,Chile,Other
William,Howell,1999-06-13,Other,VJ718455W,Hungary,Black
Patrick,Sanchez,2006-02-26,Male,UM619110N,Kazakhstan,Caucasian
Jasmine,Schmidt,1996-07-05,Female,AW315227S,Singapore,Pacific Islander
Alyssa,Walker,1991-12-31,Other,JS203916R,San Marino,Hispanic
Cory,Flores,2001-09-19,Other,AI847057N,Pitcairn Islands,Pacific Islander
Megan,Lester,1995-11-19,Other,XS859844U,Eritrea,Asian
Alexandria,Nielsen,1991-05-14,Other,DT442472V,Burkina Faso,Asian
Christopher,Caldwell,2005-11-24,Male,NB208766X,Kenya,Pacific Islander
Amy,Allen,1997-02-18,Female,LT307184Y,Gambia,Pacific Islander
Laura,Young,2006-03-24,Male,GS876153T,Antarctica (the territory South of 60 deg S),Caucasian
Abigail,Sellers,2003-09-01,Female,MM276539A,Korea,Mixed
Timothy,Davis,1999-06-19,Other,WF221446O,Kazakhstan,Pacific Islander
Elizabeth,Brandt,2003-02-20,Male,WP165943P,Solomon Islands,Black
Mary,Garcia,1994-03-02,Other,CF749732O,Guadeloupe,Black
Stephanie,Garcia,1991-01-02,Other,PC526448G,Portugal,Black
David,Oneill,2002-11-27,Male,DG323951P,New Caledonia,Pacific Islander
James,Reyes,1998-04-19,Other,GO648307N,Madagascar,Caucasian
Karina,Mendoza,1995-05-08,Male,SH341187B,Costa Rica,Mixed
Eric,Guerra,2002-02-11,Other,RN926365D,British Indian Ocean Territory (Chagos Archipelago),Asian
Keith,Young,1993-02-09,Male,WU452842M,Wallis and Futuna,Black
Alison,Williams,1995-11-13,Male,ZB506167Q,Liberia,Pacific Islander
James,Maldonado,2006-05-31,Other,NM104943M,Bouvet Island (Bouvetoya),Mixed
Robin,Graham,1994-02-22,Male,XQ898946T,Slovenia,Black
Danielle,Delgado,1990-01-16,Male,SS642991E,Greenland,Pacific Islander
Katie,West,2005-11-18,Other,RT687483V,Argentina,Caucasian
Dylan,Brooks,1995-01-04,Male,JG160986H,Moldova,Black
Katrina,Mcclain,2002-10-08,Male,PB253644Z,Mauritius,Native American
Jesus,Gentry,2004-06-23,Male,DJ806229W,Kuwait,Black
Catherine,Whitaker,2001-07-08,Female,LE861467P,Heard Island and McDonald Islands,Native American
Javier,Wallace,2006-11-08,Male,FJ901243F,French Southern Territories,Native American
Jessica,Khan,2001-12-31,Other,CY751131G,Liberia,Native American
Donald,Wright,1993-11-18,Other,OT849368G,Guyana,Asian
Antonio,Delgado,1990-09-27,Male,NU646342I,Martinique,Asian
Clarence,Rodriguez,1999-12-18,Other,TP190229I,French Polynesia,Other
Jessica,Carlson,1993-08-06,Male,HV669927Z,Luxembourg,Pacific Islander
Alexander,Cooley,1994-03-10,Other,NV539782H,Gibraltar,Asian
Melissa,Reeves,1992-06-23,Other,YF876661Z,Finland,Other
Andrew,Gross,2004-05-01,Other,FJ953524R,Micronesia,Black
Angela,Gutierrez,1993-12-31,Male,DJ802818S,Antarctica (the territory South of 60 deg S),Mixed
Paul,Rojas,1994-01-28,Male,NM215351H,Puerto Rico,Pacific Islander
Michelle,Jones,1992-12-20,Other,KA147087Z,Hungary,Native American
Gina,Johnston,1994-07-22,Female,VS759133P,Congo,Native American
Alejandro,Patel,2004-02-03,Male,MY583276S,San Marino,Asian
Andres,Perez,2002-08-18,Other,JC188829V,Sierra Leone,Other
Daniel,Alvarado,1999-01-10,Female,WP682884O,Belarus,Other
Jesus,James,2006-12-10,Female,SZ264348G,Andorra,Native American
Nicole,Holloway,1990-07-17,Other,CN798042U,Turkmenistan,Pacific Islander
Ashley,Johnson,1998-06-27,Female,UA559030M,Brazil,Caucasian
Joshua,Meza,1992-03-10,Other,PR532010A,Sweden,Asian
Amy,Obrien,2003-12-16,Female,GU345106Y,Samoa,Native American
Jeffery,Gonzales,1991-05-17,Female,WA385435N,Norway,Asian
Nicholas,Barry,1990-09-05,Other,OB863969D,Palau,Black
Angela,Berg,1993-10-09,Other,CK864875N,Benin,Asian
Gail,White,2003-10-31,Other,WZ778131L,Bolivia,Hispanic
Michael,Garrett,2004-11-04,Male,JV255416K,Japan,Other
Brittany,Padilla,2005-08-18,Male,TS248446M,United Kingdom,Caucasian
Connie,Thomas,2002-11-06,Female,WY156832G,Tanzania,Mixed
Christopher,Price,1999-09-01,Female,VR338656Q,Grenada,Black
Amanda,Schaefer,1991-12-07,Female,JV309418J,Nepal,Mixed
Michael,Turner,1997-06-29,Other,CZ549698D,Kiribati,Black
Mackenzie,Smith,1994-05-11,Female,CE978380P,Kiribati,Mixed
Allison,Underwood,2003-10-20,Other,FM584860Q,Cameroon,Pacific Islander
Jose,Lawrence,2004-06-23,Female,LX775654G,Equatorial Guinea,Asian
Nicole,Richard,2005-03-05,Male,IL347849I,Cayman Islands,Caucasian
Danielle,Sparks,2002-05-08,Female,TH995636U,Netherlands Antilles,Hispanic
Christine,Arnold,1999-07-05,Male,JZ907311I,Indonesia,Other
John,Mclean,2004-06-20,Other,BH384709B,Japan,Caucasian
Larry,Martinez,2000-05-26,Other,YB452237O,Uganda,Mixed
Alison,Graham,2006-09-19,Other,KA680760V,Lebanon,Other
Theodore,Butler,1999-12-13,Female,QI930583J,Tuvalu,Other
Holly,Sanchez,1996-06-01,Female,JO103872S,Saint Lucia,Black
Nicholas,Mcdonald,1994-11-11,Other,CL212675M,Iraq,Pacific Islander
Amy,Bowen,2000-01-24,Female,QD896663W,Taiwan,Pacific Islander
Michael,Harris,1992-07-28,Female,BZ602263I,Namibia,Caucasian
Molly,Sellers,1995-10-07,Other,CH476920F,Netherlands,Other
Lisa,Wade,1996-12-05,Female,VB729730D,Ghana,Other
Jesse,Wheeler,2001-11-06,Female,CE998118M,Central African Republic,Hispanic
Evan,Wright,1993-12-28,Other,IG924461X,Namibia,Mixed
Melissa,Morrow,2001-10-14,Female,GH248863D,Gambia,Other
Bonnie,Miller,1992-07-11,Other,CT340593K,Martinique,Pacific Islander
Jeffrey,Green,1989-10-30,Other,AH365450W,Egypt,Pacific Islander
Gregory,Baker,1993-11-19,Male,UC560030Z,Taiwan,Pacific Islander
Michael,Farmer,2004-02-02,Other,IH240743X,Iceland,Other
David,Davis,1991-05-14,Other,AC381444B,Belize,Hispanic
Jonathan,Vincent,1989-09-07,Male,JI739229L,Guinea-Bissau,Native American
Edward,Tran,1996-07-25,Female,RH368159V,United Arab Emirates,Native American
Elizabeth,Jordan,1994-03-01,Other,EY549567T,Saint Barthelemy,Native American
Ronnie,Rogers,2003-07-31,Female,GG508128R,Mongolia,Black
Cheryl,Joyce,2000-07-11,Other,ML709069A,Jamaica,Mixed
Jason,Mckinney,1999-03-16,Female,WH261699K,Mexico,Asian
William,Rios,2004-04-30,Female,OR413842P,British Virgin Islands,Native American
Jesse,Diaz,2001-06-19,Female,ZJ699040E,Mauritania,Native American
John,Brown,1997-03-23,Female,JF650565K,United Arab Emirates,Hispanic
Kayla,Reynolds,1998-09-15,Female,FR889478V,Saint Kitts and Nevis,Native American
Pedro,Miller,1997-10-04,Female,NP232826Q,Switzerland,Black
Jennifer,Herring,2004-11-21,Male,CM231337K,Barbados,Other
Jordan,Pitts,2000-09-22,Female,DV979467F,Mauritius,Hispanic
Kenneth,Smith,1999-07-28,Other,SG443725G,Ethiopia,Hispanic
Brittney,Williams,1993-03-08,Other,FC125301W,Sierra Leone,Other
Crystal,Doyle,1998-06-10,Male,MP227781T,Equatorial Guinea,Black
Jamie,Clark,1998-02-22,Other,VA843219S,Honduras,Other
Brittany,Herrera,2002-04-17,Female,OT439846V,Liechtenstein,Native American
Ashley,Carlson,2005-12-08,Male,OW991289R,Portugal,Asian
Shelley,Rodriguez,1989-07-23,Female,VV418271H,Maldives,Asian
Donna,Lam,2003-12-18,Female,FG360156G,Montenegro,Hispanic
Melissa,Adkins,1991-04-09,Other,PI802749B,Venezuela,Caucasian
Matthew,Bowen,1997-07-21,Male,QK379231O,Libyan Arab Jamahiriya,Caucasian
James,Fernandez,1990-02-02,Other,FS989562X,Cuba,Other
Amanda,Owens,1996-10-24,Male,SN138841Y,Belgium,Mixed
Anita,Sims,1994-10-21,Other,LQ627125F,Sierra Leone,Native American
Jason,Richardson,1995-04-09,Male,MX234887M,Mali,Pacific Islander
Gary,Mercado,1994-12-08,Other,CJ150448D,Hong Kong,Pacific Islander
Richard,Barber,1996-09-15,Other,QW513700I,Qatar,Pacific Islander
Tamara,Lewis,1994-05-23,Female,TJ411587P,Guam,Black
Monica,Bishop,2006-04-09,Female,UP271256N,Anguilla,Caucasian
Matthew,Drake,1994-02-10,Male,HL114817L,Sudan,Black
Christine,Washington,2004-07-30,Female,MW973002R,Botswana,Mixed
James,Miller,1998-02-10,Male,SF467537Q,Cuba,Hispanic
Joseph,Cruz,2006-08-26,Female,ZX808260K,Mauritania,Asian
Debbie,Hall,2001-10-21,Female,FX472683P,Australia,Hispanic
Luke,Adams,2005-12-17,Other,BI508292E,Saint Pierre and Miquelon,Black
Melanie,Lowe,2004-01-01,Male,EG280007Z,El Salvador,Asian
Anthony,Zuniga,2005-10-19,Female,PC520512L,Mozambique,Black
David,Rodriguez,1997-06-20,Other,ER541457Y,Mayotte,Caucasian
Chris,Blevins,1989-11-07,Female,IJ862963D,Belgium,Native American
Stephen,Drake,1997-12-03,Other,SI848549U,Bhutan,Native American
Brian,Brown,2001-06-22,Male,OO310217K,British Virgin Islands,Hispanic
Jacob,Wang,1995-10-09,Female,WU977463A,Zimbabwe,Pacific Islander
Todd,Ali,1994-08-10,Male,PM936684H,Macao,Mixed
Jerry,King,1993-08-24,Other,JM909175Y,Libyan Arab Jamahiriya,Other
Richard,Santos,2004-11-22,Other,VI592716V,Cyprus,Caucasian
Donald,Chaney,2001-02-22,Other,EI901369N,Thailand,Other
Laurie,Ramirez,1997-11-17,Other,IS896392J,Central African Republic,Black
Richard,Hopkins,1999-09-29,Female,MW467763G,Korea,Hispanic
Holly,Mcbride,2002-07-28,Female,NW952134J,Seychelles,Black
April,Moreno,1990-12-14,Other,QZ950575Z,Seychelles,Black
Christopher,Taylor,1998-06-12,Male,OV693754T,Turks and Caicos Islands,Black
James,Taylor,1994-08-29,Female,EH449307N,Serbia,Asian
Samantha,Reeves,2006-05-28,Female,YF342348S,Zambia,Black
Marc,Nguyen,1990-05-16,Female,WZ349292C,Eritrea,Other
Derek,Anderson,1995-02-12,Male,MK369191C,Morocco,Asian
Calvin,Waters,2005-02-13,Other,QD929604X,Belarus,Mixed
Kenneth,Harris,2001-03-27,Male,QU149693J,Indonesia,Caucasian
Jacob,Singleton,1993-03-30,Other,EU894384A,Hong Kong,Native American
Andrew,Barber,1989-12-29,Other,VE897026H,Armenia,Caucasian
Mark,Scott,1995-04-19,Other,OE347213H,Montserrat,Black
Paul,Price,1998-02-09,Other,GE480534M,Georgia,Mixed
Amy,Martinez,2004-10-10,Other,TI853059T,Brunei Darussalam,Mixed
Joanna,Quinn,1990-12-05,Other,PD458580J,Lebanon,Hispanic
Monique,Solis,2004-10-06,Other,PS544096W,Niue,Mixed
Bryan,Holden,1996-12-27,Male,QE686634L,Cayman Islands,Hispanic
Chad,Jordan,1997-04-08,Other,CC870931O,Suriname,Native American
Kelly,Rodriguez,2000-09-23,Male,FT911185Y,American Samoa,Native American
Erin,Ward,2003-12-13,Female,KS847008S,Argentina,Other
Angela,Ryan,2006-06-10,Female,UU482248N,Guadeloupe,Other
Sarah,Wade,1995-06-25,Female,FR452162P,Cambodia,Asian
Dillon,Gross,2004-09-16,Female,FI559774X,Bhutan,Caucasian
Randy,Hernandez,1989-03-29,Female,ZQ749339W,Norway,Black
Derrick,Noble,1990-06-23,Female,RW263813N,Cyprus,Other
Rose,Wang,1996-08-23,Female,PY898339K,Canada,Caucasian
Emily,Davenport,1991-08-04,Other,DY615471O,Christmas Island,Caucasian
Elizabeth,Rivers,2000-01-06,Female,CR878659B,South Africa,Black
Shelia,Bailey,2000-05-11,Male,ND191897D,Dominica,Mixed
Isaac,Bell,2000-07-12,Male,LJ997696L,Canada,Hispanic
Christopher,Murphy,1996-08-24,Male,CG287779Z,Turkey,Other
Matthew,Boyle,2006-04-14,Other,DK981764P,Solomon Islands,Black
Evan,Porter,1996-08-23,Male,GM528370F,Greenland,Other
John,Brown,1998-04-25,Male,WO559367C,Portugal,Pacific Islander
Wendy,Cannon,2002-05-27,Female,SE254379Z,Taiwan,Other
Michelle,Cabrera,1992-05-25,Male,XD616059F,Sao Tome and Principe,Hispanic
Katherine,Rodriguez,1992-12-11,Female,EC538073T,Isle of Man,Asian
Elizabeth,French,1994-09-24,Female,NL130528Z,France,Mixed
Cynthia,Meyer,1992-04-22,Other,MQ222974B,United States Minor Outlying Islands,Native American
Michael,Webster,1992-02-23,Female,SN490301L,Tonga,Caucasian
Michelle,Davis,1989-09-18,Female,LD238131C,United Kingdom,Black
Sandra,Austin,1993-06-01,Male,RB867430C,Austria,Black
Randall,Wiley,1992-07-10,Other,MX766517V,Holy See (Vatican City State),Black
Latasha,Bentley,1993-08-21,Male,KN766119Q,Saint Barthelemy,Other
Sandy,Walters,2004-10-20,Other,BL865175J,Somalia,Hispanic
Adam,Roberts,1990-07-07,Female,JY362650L,Bermuda,Mixed
Valerie,Brown,1993-06-11,Male,MW351936U,Iran,Asian
Sally,Ortiz,2001-06-04,Other,CH594112C,Pakistan,Hispanic
Lori,Ashley,1998-03-20,Male,MU932830B,Georgia,Asian
Taylor,Hodges,1994-12-18,Male,FN649835G,Bangladesh,Black
Jack,Smith,1994-05-09,Other,XO110151Y,Dominican Republic,Other
Zachary,Mooney,1991-11-30,Other,YD395031H,Vietnam,Caucasian
Taylor,Ramirez,2000-06-11,Female,VZ221558L,Anguilla,Pacific Islander
Stephen,Reed,1993-04-05,Male,NW187069L,San Marino,Asian
Antonio,Dunn,1993-09-19,Other,BY656449R,Mexico,Hispanic
Matthew,Jones,2003-11-09,Other,MX438426L,Mauritania,Native American
Ashley,Carlson,2005-05-25,Female,VY257962W,Gambia,Asian
Daniel,Williams,2005-02-18,Male,KH999704X,Italy,Native American
Matthew,David,1989-01-13,Male,YI836265G,French Southern Territories,Pacific Islander
Lori,Pace,1997-05-29,Female,XT156132T,Finland,Asian
Jay,Travis,1992-09-10,Other,DL244072C,Gabon,Native American
James,Perez,1991-12-03,Female,DW214588H,Tanzania,Caucasian
Chad,Campbell,1991-09-14,Other,SC605631M,Argentina,Caucasian
Scott,Smith,2002-03-27,Other,CQ320720S,Azerbaijan,Native American
Tammy,Pena,1998-04-07,Male,AS166341U,Wallis and Futuna,Hispanic
Kirsten,Navarro,1997-10-01,Other,NW424719C,Bosnia and Herzegovina,Caucasian
Lindsey,Campbell,2006-03-27,Female,CT283367B,Norfolk Island,Pacific Islander
Jasmine,James,1993-10-09,Male,SL641862D,Papua New Guinea,Other
James,Armstrong,2001-08-11,Other,IG381327E,Equatorial Guinea,Pacific Islander
Becky,Bolton,1991-12-09,Female,GN653128M,South Georgia and the South Sandwich Islands,Caucasian
Shawn,Carroll,1993-12-02,Female,DZ659223W,Ecuador,Native American
Victoria,Robinson,1989-06-16,Male,DD548678O,Norfolk Island,Pacific Islander
Wendy,Chavez,2005-06-07,Female,EX423534W,Bangladesh,Other
Caitlyn,Turner,1994-09-04,Female,LJ833232Y,Georgia,Mixed
Franklin,Smith,1992-07-29,Female,FT884716H,Papua New Guinea,Other
Tina,Sawyer,2002-10-26,Other,IY300467W,Equatorial Guinea,Caucasian
Robert,Fields,1992-07-11,Male,XR863469W,Azerbaijan,Black
Vicki,Murray,1996-09-21,Female,HD545387Q,Japan,Caucasian
Brian,Brewer,2002-08-09,Other,XG765625S,Slovakia (Slovak Republic),Mixed
Jenny,Mathis,2004-11-28,Female,CJ747746X,Saint Pierre and Miquelon,Other
James,Wilkins,2006-01-06,Other,XT960297G,Nepal,Hispanic
Robert,Conway,2005-10-15,Other,OB189041M,Somalia,Mixed
Kristy,Strong,1997-10-01,Female,NT463418X,Saint Lucia,Black
Haley,Pena,1994-10-30,Other,UQ852051D,Honduras,Black
Theresa,Sweeney,1996-07-02,Male,UD960488X,Paraguay,Pacific Islander
Jessica,Brown,1993-11-13,Other,CI213386W,Mauritius,Mixed
Regina,Hawkins,1998-03-08,Female,LT431195A,Armenia,Hispanic
Cory,Price,1992-08-22,Other,JA587870O,Bhutan,Asian
Barbara,Carr,2001-08-25,Male,FG774179R,Israel,Native American
Lisa,Benton,1995-09-11,Other,JJ120724X,South Georgia and the South Sandwich Islands,Hispanic
Christina,Werner,2001-04-15,Other,HZ427135S,Faroe Islands,Native American
Angela,Powell,2003-09-23,Other,MR369926E,Cook Islands,Asian
Morgan,Porter,1990-03-14,Female,DB622547A,Bosnia and Herzegovina,Black
Patricia,Middleton,2005-11-20,Male,GS990533B,Dominica,Mixed
Kristine,Gonzalez,2000-05-14,Other,AN143823J,Cuba,Other
Nancy,Kennedy,1998-11-24,Male,JW566704M,Suriname,Pacific Islander
Brandon,Nguyen,1992-09-24,Other,DH740622N,Mauritius,Native American
Patrick,Holmes,1999-04-20,Male,DL905053Z,Korea,Native American
Brent,Wells,1989-07-31,Female,WZ983899C,Pitcairn Islands,Native American
Kimberly,Robinson,1994-06-01,Male,ZU232989Q,Uzbekistan,Native American
Krystal,Jackson,2006-10-17,Female,GU187391Z,Greece,Black
James,Macdonald,1992-11-30,Female,MA561823O,Slovenia,Caucasian
Victoria,Castro,1990-09-03,Other,HZ318523J,France,Native American
Kathleen,Green,1997-04-05,Male,WJ499487P,Sierra Leone,Asian
Robert,Brooks,1994-01-15,Male,II987381J,United States Virgin Islands,Caucasian
Michelle,Hill,1993-10-21,Female,TK991706L,Chad,Pacific Islander
Michelle,Davis,1999-09-25,Female,CB113296U,Korea,Caucasian
Rebecca,Mosley,2001-11-23,Female,BI589405D,Iran,Hispanic
Richard,Becker,2005-08-04,Female,GG619079M,Timor-Leste,Native American
Amy,Atkins,1993-11-29,Other,CO509721E,Mayotte,Asian
Jo,Maddox,2001-11-06,Female,BD901748P,Timor-Leste,Asian
Timothy,Hudson,1996-08-13,Male,GV753703F,Hungary,Pacific Islander
Joel,Patel,1991-10-10,Male,QO716505H,Antarctica (the territory South of 60 deg S),Mixed
Nicole,Lewis,2000-06-10,Male,YN370248K,Sudan,Mixed
Jeffrey,Alvarado,1999-12-19,Male,HD707183I,Jordan,Black
Crystal,Rodriguez,1989-01-23,Male,VH337699F,Iraq,Caucasian
Jason,Kim,1998-06-04,Other,RD454485L,Malta,Pacific Islander
Traci,Grant,1993-10-31,Male,TR491026H,Oman,Mixed
Kristen,Santana,1997-05-24,Male,QY741999N,Guadeloupe,Native American
Elizabeth,Campbell,1994-09-06,Male,PD380646G,New Caledonia,Mixed
William,Osborn,1990-03-15,Female,DY928760F,Armenia,Other
Stacey,Snyder,1989-09-21,Male,SO325482C,Germany,Native American
Cameron,Huffman,2002-12-07,Male,FP685342E,Colombia,Caucasian
Bruce,Jones,1998-04-03,Other,CE168091E,Maldives,Hispanic
Daniel,Noble,2006-01-13,Female,IF837241V,Belarus,Asian
Jo,Villa,2000-08-16,Other,XO568259X,Slovenia,Caucasian
Ethan,Gutierrez,1995-08-10,Female,RN899155H,Madagascar,Black
Brandi,Manning,2000-06-09,Other,GJ865497F,Jamaica,Mixed
Sarah,Contreras,1993-04-28,Male,TK235426W,Guinea,Asian
Cheryl,Heath,2001-04-09,Female,QF235555M,Nepal,Black
George,Mendoza,2002-07-20,Female,BE420305T,Cyprus,Hispanic
Brandon,Palmer,1993-10-16,Other,EI360349K,Niger,Black
Sarah,Romero,1997-10-17,Male,UB348421X,Sierra Leone,Mixed
Philip,Braun,2001-10-18,Female,ND449335D,Nigeria,Hispanic
Holly,Gomez,1998-11-19,Male,SN935733D,Yemen,Black
Jonathan,Pratt,1991-09-26,Female,FD482625G,Bhutan,Pacific Islander
Melissa,Castillo,1993-08-15,Other,CO852907F,Holy See (Vatican City State),Pacific Islander
Lawrence,Mckee,1993-12-24,Other,YZ261096T,Togo,Pacific Islander
Chad,Newman,2003-08-22,Male,OY487216U,Indonesia,Caucasian
Joseph,Dunn,2001-08-01,Other,VH255696T,French Southern Territories,Other
Thomas,Young,1995-01-07,Male,NY909695X,Ukraine,Caucasian
Stacy,Nelson,2002-04-13,Female,LO595579W,Western Sahara,Pacific Islander
Allison,Saunders,1992-06-29,Other,AH612002W,Myanmar,Pacific Islander
Robert,Hunt,1994-12-04,Female,TB312769D,Liechtenstein,Black
Brian,Wiley,1991-02-03,Other,UV713411X,Guernsey,Pacific Islander
Tina,Reyes,1994-09-29,Other,SO426558P,Jamaica,Mixed
Ryan,Peck,1990-03-31,Female,ZX983524I,Mauritania,Native American
James,Villanueva,1989-10-06,Male,SV457240W,Falkland Islands (Malvinas),Other
Patricia,Brown,2006-03-02,Other,KP700469F,Denmark,Hispanic
Linda,Morgan,1997-06-05,Male,KQ288549W,Cape Verde,Black
Tonya,Carpenter,1993-04-16,Other,XM365133E,Egypt,Caucasian
John,Thomas,1996-09-07,Female,OF914496Q,Estonia,Hispanic
Jimmy,Galloway,2005-04-03,Other,NQ164651F,Aruba,Pacific Islander
Jeffrey,Lewis,2001-06-08,Male,YI563561J,Cape Verde,Native American
Nicole,Stewart,1995-01-29,Male,BG745333B,Estonia,Other
Jamie,Carter,2001-03-09,Female,MI241245C,Cuba,Black
Clinton,Odonnell,1989-11-22,Female,HC193529Y,Papua New Guinea,Native American
Margaret,Garcia,1995-10-12,Male,OS491888P,Papua New Guinea,Hispanic
Christopher,Moore,1995-06-23,Male,YH403978E,Samoa,Caucasian
Tiffany,Mercado,1991-06-28,Other,VS423386B,Japan,Hispanic
Danielle,Bridges,1989-08-26,Female,DQ894701F,Togo,Native American
Angie,Ho,2002-09-20,Other,JL206845G,Saint Helena,Native American
David,Cox,1991-02-20,Other,HX869587Z,Cook Islands,Native American
Christopher,Mckenzie,1991-09-27,Female,QK244100S,Timor-Leste,Native American
Angela,Dennis,2003-02-20,Male,WS635027S,Germany,Asian
Brandy,Spence,1998-02-17,Other,SP485115X,Northern Mariana Islands,Mixed
Patrick,Hays,2000-12-27,Other,NJ199356X,South Georgia and the South Sandwich Islands,Caucasian
Robert,Green,1998-09-30,Male,HO458175B,Australia,Hispanic
David,Lloyd,1992-03-31,Female,PO949248I,Yemen,Native American
Lori,Smith,1989-07-27,Male,JO401148W,Mozambique,Mixed
Erik,Robertson,1997-01-16,Female,KK184657Y,Ukraine,Mixed
Elaine,Daniel,2001-04-09,Male,NN449748S,Canada,Pacific Islander
Richard,Brown,1995-07-26,Other,LD436424K,Portugal,Pacific Islander
Megan,Patterson,2005-06-02,Other,QM708336L,Pakistan,Pacific Islander
Mary,Haley,1990-12-24,Other,UM853777U,Tokelau,Caucasian
Robert,Gonzales,1992-03-25,Female,OC900987J,Singapore,Native American
Holly,Thomas,1990-01-17,Male,ES506462Y,Saint Pierre and Miquelon,Hispanic
Amy,Bryan,1995-08-17,Male,WF161473M,Kenya,Mixed
Bryan,White,2004-07-04,Female,RG592693V,Nigeria,Caucasian
Nathan,Snyder,1992-08-02,Other,YD903020R,Malawi,Other
Patricia,Ellis,2006-05-22,Other,TA494532I,Senegal,Pacific Islander
Mary,Hickman,1989-05-19,Female,WX955092T,Cayman Islands,Other
Benjamin,Villarreal,2001-07-27,Male,HP817461D,Tuvalu,Asian
Sarah,Jones,1996-06-24,Female,FS931239W,Germany,Pacific Islander
James,Ferguson,2002-10-15,Male,UQ383261R,Nepal,Other
Julia,Andrews,1995-05-15,Other,WG621298D,Aruba,Black
Andrew,Choi,1997-06-11,Female,OY952699Z,Ecuador,Black
Ruben,Hanna,1999-04-09,Female,CD849911E,Switzerland,Black
Patricia,Jones,1996-07-30,Male,HE966358L,Argentina,Asian
Bryan,Cook,2000-03-04,Female,TH517982P,Niger,Native American
Tami,Hull,2002-04-12,Other,WV333364C,Turkmenistan,Native American
Edward,Contreras,1999-11-03,Other,BN850425Q,Singapore,Native American
Candice,Turner,1996-05-09,Female,NF509889P,Madagascar,Mixed
Michael,Smith,2002-03-12,Male,AW609450Q,San Marino,Pacific Islander
Alex,Wise,1990-06-11,Male,QP849996F,Aruba,Mixed
Felicia,Tate,1999-12-18,Other,RE523386M,Costa Rica,Other
Christopher,Green,1998-04-03,Male,WJ857002G,Paraguay,Other
Melissa,Brooks,1997-02-20,Other,SO565059I,Iceland,Mixed
Tyler,Webb,2006-08-05,Male,UK244022V,Estonia,Caucasian
Emily,Silva,1993-06-11,Female,PP105512Z,Lithuania,Caucasian
Amy,Gaines,2002-12-02,Female,IJ335262E,Turkey,Pacific Islander
Ryan,Horton,2003-11-21,Female,LV349860A,Central African Republic,Pacific Islander
Victoria,Pierce,1992-04-18,Female,IW227167C,Ethiopia,Mixed
Pamela,Newton,1989-12-10,Male,FK812272C,Belarus,Other
Chris,Stanton,2005-05-31,Male,JI990398F,Norway,Mixed
Victoria,Lambert,1997-09-29,Female,HF934523U,Belgium,Other
Susan,Welch,1989-01-24,Female,FY714455H,Mongolia,Asian
Alexander,Perkins,1989-02-04,Other,ZR863883K,Heard Island and McDonald Islands,Black
Natasha,Perez,2000-01-19,Female,YN523124K,Bosnia and Herzegovina,Asian
Donna,Guerrero,1991-06-17,Other,GZ428456D,Somalia,Mixed
Jermaine,White,1993-08-13,Female,GE335894H,Angola,Black
Juan,Woods,1995-03-03,Female,GM640120L,Italy,Native American
Christopher,Mitchell,1991-12-12,Male,JL456607U,Guinea-Bissau,Native American
Julia,Evans,1994-01-01,Male,NK502754Y,Iceland,Native American
Julie,Nunez,1994-11-15,Other,JO287245G,Sri Lanka,Other
Sherry,Hamilton,2006-11-27,Female,BI288053Q,Czech Republic,Asian
Michelle,Novak,2004-09-12,Male,JR315174Y,Australia,Native American
Melinda,Robertson,1997-08-27,Male,WQ386395G,Malta,Black
Margaret,Lopez,1993-04-22,Other,DQ242679V,China,Caucasian
Emily,Brewer,1994-08-22,Other,NW726434L,Tunisia,Hispanic
Michael,Sanchez,1998-09-19,Female,LU393415A,Bahrain,Mixed
Paige,Smith,2002-06-18,Other,GM100708M,Greenland,Mixed
Daniel,Jones,1995-05-21,Other,KY138437H,Paraguay,Hispanic
Wayne,Farley,1990-12-02,Female,AM711726Z,Congo,Hispanic
Jason,Salas,1997-12-01,Female,XF719296X,Greenland,Caucasian
Yesenia,Bailey,2006-08-15,Female,VB584146G,Mauritania,Caucasian
Meagan,Frey,1994-05-17,Male,IU869878F,Nepal,Caucasian
Nicholas,Osborne,1992-05-21,Male,OZ907084O,Netherlands,Asian
William,Everett,1992-02-12,Other,QN137643F,Ecuador,Pacific Islander
Seth,Clark,1993-07-13,Other,NG485456X,Philippines,Hispanic
Kimberly,Steele,2001-07-26,Female,VJ895242I,Namibia,Hispanic
Douglas,Smith,1996-03-30,Female,KL872544E,Angola,Hispanic
Samantha,Smith,2007-01-03,Male,DD681575I,Suriname,Asian
Mary,Carson,2002-06-08,Male,SX520248D,Ukraine,Asian
Brian,Black,1996-03-08,Other,LM440579L,Cote d'Ivoire,Asian
Terry,Carpenter,1991-05-16,Other,XI509959C,Trinidad and Tobago,Pacific Islander
Matthew,Lewis,1990-05-19,Male,BX106931J,Solomon Islands,Native American
Jacqueline,Torres,1995-10-23,Other,GQ330130M,Venezuela,Asian
Kenneth,Robertson,1994-10-22,Female,WZ356666E,San Marino,Native American
Dakota,Morris,2003-08-26,Other,UP718712I,Hungary,Pacific Islander
David,Landry,2006-03-14,Other,DC124344V,Japan,Other
David,Lowe,2001-11-19,Male,SY400168J,Vietnam,Other
Timothy,Gutierrez,1989-01-31,Other,ZD582431B,Hungary,Black
Kathleen,Baker,2002-02-13,Female,AD632209A,Seychelles,Other
Michele,Jones,2002-08-11,Male,SS780761Z,Ukraine,Hispanic
Gary,Gregory,1994-06-22,Male,CH834478P,Reunion,Pacific Islander
David,Herrera,1996-11-22,Male,PB518744J,Belarus,Asian
Sara,Murillo,1993-03-16,Other,CP607075L,Tanzania,Black
Adam,Lee,2004-03-17,Male,TD836657W,Bahamas,Caucasian
Johnny,Davis,1994-05-25,Female,MP743184I,Iraq,Mixed
Karen,Price,1993-08-22,Female,CC815737N,Isle of Man,Other
Maria,Frank,1997-03-18,Other,HO311843M,Myanmar,Mixed
Tara,Petersen,2004-10-08,Female,MV193137N,South Africa,Black
Brian,Davis,1998-01-14,Other,PQ587564P,Botswana,Asian
Patricia,Bradford,2005-09-25,Male,FG689000O,Saint Helena,Asian
Jennifer,Mitchell,1994-12-06,Other,MH375440E,Czech Republic,Hispanic
Kathleen,Rodgers,1993-09-02,Female,ET723597B,Uzbekistan,Hispanic
Brandon,Parker,1993-07-15,Female,NO736262R,United Kingdom,Caucasian
Kyle,Bonilla,2000-04-24,Other,RC861683W,Guinea,Mixed
Melinda,Brown,2000-03-08,Other,NA938258F,Iraq,Other
Lauren,Reed,2000-04-12,Female,PC476708Z,Maldives,Hispanic
Anthony,Hunt,1999-09-16,Other,FA277316A,Ghana,Caucasian
Lisa,Thomas,2002-12-12,Male,CX209252L,Denmark,Native American
Christopher,Ball,1995-02-11,Male,FY508989T,Suriname,Caucasian
Diana,Gilbert,1999-08-20,Female,TS480427C,Netherlands,Hispanic
Kristopher,Yates,1996-07-10,Female,TL563759N,Poland,Pacific Islander
Kyle,Conley,2005-04-04,Female,HS556664F,Romania,Mixed
Nicole,Morgan,2005-06-29,Female,AK392346L,Moldova,Caucasian
Jesse,Morse,1997-01-19,Male,YD290602M,Bulgaria,Caucasian
Jamie,Odonnell,1993-07-15,Male,KN327399J,Latvia,Native American
Eric,Park,1995-04-12,Female,WK719671Z,Canada,Other
Ana,Shaffer,2005-02-06,Female,CT323168P,Malta,Native American
Jason,Fleming,2002-09-18,Male,KR438890B,Iceland,Caucasian
Sarah,Galvan,2000-12-12,Female,PT233755R,El Salvador,Mixed
Patrick,Perry,1995-05-16,Other,YZ654603I,Lithuania,Hispanic
Morgan,Thompson,1993-06-07,Female,RA774395M,Central African Republic,Hispanic
Glen,Stewart,2000-10-26,Female,EB315766L,Russian Federation,Native American
Donna,Noble,2006-02-19,Other,DA738243L,China,Caucasian
Melody,Phelps,1999-06-24,Female,FO920959C,Lithuania,Asian
Traci,Wells,2000-10-17,Other,TA608920I,New Zealand,Native American
Ashley,Jackson,2002-11-08,Male,OA834218Z,Zimbabwe,Other
Alicia,Richards,1997-06-28,Male,CU948477D,Korea,Other
Brenda,White,2001-04-05,Other,OR792773X,Korea,Other
Angela,Hicks,1996-03-06,Other,RG576092J,Serbia,Black
Arthur,Coleman,2003-10-25,Male,DH709720I,Jamaica,Pacific Islander
Jennifer,Robinson,1994-01-15,Female,RE990946J,Cyprus,Native American
Tony,Daniels,1996-12-17,Other,OJ537445Q,Tunisia,Native American
Patricia,Young,2005-04-05,Male,JT568093O,Oman,Hispanic
Mary,Ramirez,1993-04-26,Male,HQ798579K,Saint Pierre and Miquelon,Black
Bryan,Anderson,2004-03-09,Male,FU646540K,Marshall Islands,Hispanic
John,Thompson,2000-10-16,Male,YA356347E,Kazakhstan,Caucasian
Thomas,Cook,1999-09-14,Other,EZ929882W,Algeria,Other
Mary,Reed,1995-08-22,Female,HB461478J,Bosnia and Herzegovina,Mixed
Renee,Taylor,2000-08-30,Female,MO915669D,Palau,Other
Mitchell,Flynn,2004-07-14,Female,PI226625D,Bermuda,Caucasian
Andrew,Doyle,1995-03-16,Female,EX263667T,Micronesia,Black
Nicholas,Silva,1995-06-02,Male,YR250035Z,Botswana,Pacific Islander
Monique,Walters,1999-10-15,Female,YH228148G,Burkina Faso,Hispanic
Stephanie,Phillips,2001-11-10,Other,MC495112B,Turks and Caicos Islands,Other
James,Moyer,2001-10-11,Female,PT399767P,Marshall Islands,Native American
Deborah,Tran,2001-09-01,Male,ZJ652673X,French Polynesia,Native American
Justin,Hall,2001-10-04,Other,AN386255Z,Ghana,Black
Priscilla,Ortiz,1994-01-17,Female,YH186021G,Uruguay,Other
Michael,Blair,1992-06-08,Male,BU288288N,Kyrgyz Republic,Other
Amanda,Thomas,1992-04-19,Female,SW508927D,Vanuatu,Hispanic
Pamela,Grant,1996-11-12,Other,BB412863P,Barbados,Asian
Gary,Hayes,1995-03-01,Male,PN806241H,Bahrain,Black
Cheyenne,Brock,2003-09-07,Female,WF185713S,Romania,Black
Nicholas,Johnson,1992-08-30,Other,PC176087I,Kiribati,Mixed
Edward,Gutierrez,1995-12-22,Other,WK555879R,Cuba,Black
Jasmine,West,1997-10-09,Other,JI455592R,Belarus,Caucasian
Susan,Hampton,2000-10-04,Male,VX835697Z,Antarctica (the territory South of 60 deg S),Other
Amy,Murphy,1997-09-20,Other,ZC360900F,Rwanda,Mixed
William,Jacobs,2002-07-14,Female,GP787710G,China,Other
Richard,Tran,2003-03-31,Other,CD134372A,Malawi,Caucasian
Jonathan,Torres,2006-04-03,Female,CZ535969U,Liechtenstein,Hispanic
Christine,Cruz,1993-01-17,Male,CC791722F,Bhutan,Asian
Michelle,Wilson,1991-07-11,Male,XZ184196G,France,Pacific Islander
Christopher,Mendoza,2000-08-01,Female,HU719001D,Brunei Darussalam,Asian
Michelle,Escobar,2006-04-03,Other,FS274629P,Kazakhstan,Other
Adrian,Wood,2001-04-16,Male,RF367358B,France,Pacific Islander
Jessica,Hart,2002-12-29,Female,YK541208H,Andorra,Caucasian
Maria,Cox,1993-01-22,Other,VX516225M,United States of America,Pacific Islander
Steven,Kelley,2004-02-28,Male,LN573400U,Myanmar,Native American
Carlos,Harrington,2006-01-13,Female,IM767754D,Philippines,Asian
Kimberly,Robinson,2004-06-14,Other,CE888786F,Cyprus,Black
Julie,Burns,2002-01-11,Female,BI635492V,Guatemala,Black
Wanda,Saunders,2000-06-19,Female,AR991441K,Cameroon,Hispanic
Gregory,Butler,2001-10-13,Other,CH146418K,Guyana,Asian
Chase,Diaz,1994-12-14,Other,NL942825T,Comoros,Hispanic
Taylor,Rodriguez,1997-04-21,Male,YB796731I,Singapore,Hispanic
Chad,Miller,1999-12-22,Female,AU692726I,Guernsey,Asian
Gabriel,Mcbride,1997-03-01,Female,CN505108V,Greenland,Asian
Jennifer,Floyd,2004-05-19,Male,OW353149Z,Georgia,Other
Chad,Shelton,1992-06-10,Male,BM210116L,Cameroon,Other
Lindsey,Hall,1998-12-24,Male,XI158688Q,Svalbard & Jan Mayen Islands,Hispanic
Daniel,Anderson,2001-10-15,Other,XY828966G,Japan,Pacific Islander
Amber,Hayes,2002-09-19,Other,TO297456P,Malawi,Asian
Lauren,Carrillo,2002-09-20,Male,GS685087F,Chile,Caucasian
Christina,Pena,1996-05-18,Other,II887380U,Honduras,Other
Christopher,Lee,2001-05-07,Other,SJ421647A,Canada,Asian
Anthony,Miller,2001-09-25,Female,WA644493L,Guadeloupe,Mixed
Brian,Williams,2000-02-02,Other,EU372345L,Sri Lanka,Black
John,Jennings,2005-06-25,Female,UL546254Q,Kuwait,Asian
Morgan,Phillips,1995-09-24,Female,OO196523Z,Bulgaria,Black
Kelly,Weber,2001-08-27,Female,LM573713Z,Christmas Island,Mixed
Pedro,Greene,2005-04-28,Other,GP106265S,Venezuela,Asian
David,Johnson,1997-02-14,Female,AL950790I,Madagascar,Hispanic
Andrea,Castro,1994-12-03,Other,ZL773888M,Gabon,Pacific Islander
Vicki,Edwards,1997-01-16,Female,YY851776E,Timor-Leste,Caucasian
William,Knight,1996-06-04,Male,QE899957N,Saint Martin,Asian
Nathaniel,Gonzalez,1991-09-04,Male,NT835328C,Panama,Mixed
Megan,Hall,1995-09-26,Other,FI939343A,Honduras,Caucasian
Anna,Mendoza,1990-03-23,Other,AN201067Y,British Virgin Islands,Black
Mark,Mitchell,2002-09-21,Other,OG206823W,Bouvet Island (Bouvetoya),Mixed
Valerie,Williamson,2001-05-28,Female,VA231332B,Hong Kong,Asian
Michael,Davis,2003-12-15,Male,DS959206E,Philippines,Pacific Islander
Sheila,Oliver,2000-04-18,Female,YQ804423M,Bosnia and Herzegovina,Mixed
Jerome,Shepherd,1997-08-31,Female,XX421128K,Yemen,Mixed
Daniel,Burns,2001-05-22,Male,FY801009K,French Polynesia,Mixed
Jonathon,Johnson,1992-03-25,Female,UR317160K,Serbia,Pacific Islander
Christina,Montes,1997-12-24,Male,FB971042D,Mali,Other
Kaitlyn,Henderson,2005-03-29,Male,BJ456356J,Mali,Mixed
Valerie,Parker,2002-01-02,Other,WI226272C,Bolivia,Black
Thomas,Andrews,1990-09-30,Female,YA818391A,Chad,Asian
Teresa,Cabrera,2006-08-22,Female,OT769035Q,Saint Martin,Mixed
Craig,Mitchell,2003-03-18,Other,MO789531I,Burkina Faso,Pacific Islander
Rachel,Santiago,2005-11-22,Female,KX388343A,Cote d'Ivoire,Asian
William,Johnson,1990-03-07,Other,MD511756W,Senegal,Pacific Islander
Mark,Nguyen,1998-01-05,Female,PG351623K,United States Virgin Islands,Native American
Christy,Nelson,1996-06-01,Female,OV173795Y,Tokelau,Mixed
Paul,Ellis,1990-11-05,Female,KM940808Q,Slovakia (Slovak Republic),Pacific Islander
Jesse,Young,1989-12-28,Female,QK829099B,Ukraine,Asian
Eric,Bray,2002-02-03,Female,DJ210192W,Anguilla,Pacific Islander
Justin,Guzman,1998-02-03,Male,TQ938876C,Dominica,Mixed
Valerie,Richards,1996-07-01,Female,KE284167D,Azerbaijan,Pacific Islander
Phillip,Martinez,2005-07-23,Female,AL698615E,Sudan,Asian
Scott,Gomez,1996-01-29,Other,AH378534K,Oman,Hispanic
Connor,Burke,1998-06-07,Male,OS782044R,Reunion,Caucasian
Sherri,Franklin,2002-06-11,Other,OQ719817R,Sri Lanka,Pacific Islander
Karl,Valencia,1990-11-29,Female,OJ565590Z,Poland,Caucasian
Sara,Malone,2005-09-11,Other,SO440333P,Cambodia,Native American
David,Brady,1990-11-25,Female,KA340752S,Cook Islands,Other
Jeffrey,Martin,1997-05-26,Male,LP553678E,Cocos (Keeling) Islands,Hispanic
George,Sharp,2001-11-24,Other,EE938213U,Niger,Pacific Islander
Ryan,Harris,2006-04-08,Female,HI655951S,Saint Barthelemy,Native American
Brett,White,2003-09-06,Female,AY846016V,Saint Barthelemy,Mixed
Angela,Richardson,1996-06-05,Male,YY167452J,Cook Islands,Pacific Islander
Dakota,Best,1991-04-27,Other,UD351194W,Aruba,Pacific Islander
Michael,Medina,2004-08-07,Other,YN551667P,Romania,Pacific Islander
Robert,Gibson,1993-01-24,Female,VN390342K,Austria,Native American
Melanie,Ward,1994-06-12,Other,KO911137S,Saint Kitts and Nevis,Caucasian
Angela,Chavez,1990-08-04,Male,MT170138A,British Indian Ocean Territory (Chagos Archipelago),Black
Rachel,Ellis,1999-04-29,Male,PQ128630K,Panama,Other
Deborah,Ruiz,1996-12-25,Female,DT183358W,Guatemala,Black
Steven,Lara,1990-07-30,Male,QC620998F,Holy See (Vatican City State),Caucasian
Heather,Lee,1998-08-05,Female,MF757571X,Trinidad and Tobago,Black
John,Davenport,2001-09-15,Male,KU943778C,Slovakia (Slovak Republic),Asian
Andrea,Bradley,1990-02-10,Female,UB861270F,Philippines,Pacific Islander
Kayla,Carter,1992-06-13,Other,LH441283N,Saudi Arabia,Black
Jonathan,Hoffman,1996-04-20,Male,QM590098U,Uzbekistan,Asian
David,Elliott,2000-06-15,Female,SX194699K,Austria,Black
James,Little,2005-12-28,Male,TQ936057F,Papua New Guinea,Native American
Sara,Pena,2006-02-26,Female,BS285474Z,Morocco,Caucasian
Margaret,Gross,1995-05-18,Male,OV486783Q,Niue,Black
Derrick,Wilson,2006-06-01,Female,YX615961Q,Hong Kong,Mixed
Christina,Fisher,1998-02-26,Female,PF887158O,Barbados,Other
Jonathan,Black,2002-08-10,Male,JJ880774M,Zambia,Asian
Dustin,Meyer,2003-04-28,Other,WM431093F,Micronesia,Pacific Islander
Misty,Anderson,1990-03-23,Other,EE600606C,Ghana,Mixed
Natasha,Gonzalez,1991-12-29,Male,NJ575863T,Djibouti,Caucasian
Melissa,Sanchez,1993-03-26,Female,NS337988D,Afghanistan,Other
John,Murphy,2000-10-19,Other,HL658744N,China,Caucasian
Leslie,Robinson,2005-02-21,Female,RW161404N,Netherlands,Native American
Kevin,Parker,1994-01-16,Other,CL291111X,Philippines,Black
Sarah,Shaw,1995-12-20,Male,HI894769Y,Mali,Native American
